id,x,y,name,type,floor
N001,2376.0,786.0,ห้องบรรยายเคมี 1 2309,room,3
N002,2460.0,1149.0,GC,room,3
N003,2363.0,1149.0,IR,room,3
N004,2273.0,1149.0,DSC,room,3
N005,1998.0,677.0,ห้องปฏิบัติการเคมีอินทรีย์/พอลิเมอร์ 2308,room,3
N006,1998.0,836.0,ห้องเตรียมปฏิบัติการ 2 2307,room,3
N007,2001.0,999.0,ห้องปฏิบัติการเคมีเชิงฟิสิกส์ 2306,room,3
N008,1910.0,1252.0,ห้องน้ำหญิง,room,3
N009,1748.0,924.0,ห้องเครื่องมือกลาง 2305,room,3
N010,1726.0,699.0,ห้อง AAS,room,3
N011,1726.0,608.0,ห้องเก็บสารเคมี,room,3
N012,1835.0,652.0,ห้องเครื่องกรองน้ำ,room,3
N013,1582.0,1249.0,ห้องน้ำชาย,room,3
N014,1497.0,999.0,ห้องปฏิบัติเคมีวิเคราะห์ 2304,room,3
N015,1491.0,836.0,ห้องเตรียมปฏิบัติการ 1 2303,room,3
N016,1497.0,661.0,ห้องปฏิบัติการหลักเคมี 2302,room,3
N017,1438.0,1261.0,ลิฟท์ชั้น 3,elevator,3
N018,1213.0,1043.0,ห้องสำนักงาน 2301,room,3
N019,1157.0,1161.0,ห้องสัมนา 2310,room,3
N020,1141.0,1414.0,ห้องบรรยายเคมี 2 2311,room,3
N021,1441.0,1399.0,ห้องบรรยายเคมี 3 2312,room,3
N022,1591.0,1452.0,ห้องพักอาจารย์ 2315,room,3
N023,1566.0,1668.0,ห้องชมรมเคมี 2314,room,3
N024,1404.0,1661.0,ห้อง 2313,room,3
N025,1072.0,1752.0,ห้องควบคุมเครื่องเสียง,room,3
N026,1322.0,680.0,บันไดซ้าย,stair,3
N027,2185.0,611.0,บันไดขวา,stair,3
N028,2063.0,1249.0,บันไดกลาง,stair,3
N029,2235.0,802.0,Door N029,door,3
N030,2235.0,868.0,Door N030,door,3
N031,2135.0,911.0,Door N031,door,3
N032,2135.0,805.0,Door N032,door,3
N033,2135.0,727.0,Door N033,door,3
N034,1835.0,1111.0,Door N034,door,3
N035,2310.0,1180.0,Door N035,door,3
N036,2404.0,1183.0,Door N036,door,3
N037,2426.0,1183.0,Door N037,door,3
N038,2013.0,1208.0,Door N038,door,3
N039,1982.0,1211.0,Door N039,door,3
N040,1523.0,1211.0,Door N040,door,3
N041,1835.0,743.0,Door N041,door,3
N042,1860.0,793.0,Door N042,door,3
N043,1813.0,661.0,Door N043,door,3
N044,1810.0,636.0,Door N044,door,3
N045,1635.0,796.0,Door N045,door,3
N046,1623.0,780.0,Door N046,door,3
N047,1623.0,893.0,Door N047,door,3
N048,1366.0,911.0,Door N048,door,3
N049,1369.0,802.0,Door N049,door,3
N050,1322.0,1211.0,Door N050,door,3
N051,1272.0,1321.0,Door N051,door,3
N052,1272.0,1511.0,Door N052,door,3
N053,1363.0,1530.0,Door N053,door,3
N054,1432.0,1568.0,Door N054,door,3
N055,1463.0,1561.0,Door N055,door,3
N056,1544.0,1502.0,Door N056,door,3
N057,1541.0,1480.0,Door N057,door,3
N058,1548.0,1371.0,Door N058,door,3
N059,1541.0,1349.0,Door N059,door,3
N060,1460.0,1486.0,Door N060,door,3
N061,1276.0,1061.0,Door N061,door,3
N062,1119.0,1111.0,Door N062,door,3
N063,1435.0,1218.0,Door N063,door,3
N276,1320.0,762.0,corr N276,corridor,3
N277,1323.0,1530.0,corr N277,corridor,3
N278,1320.0,812.0,corr N278,corridor,3
N279,1320.0,862.0,corr N279,corridor,3
N280,1321.0,912.0,corr N280,corridor,3
N281,1321.0,962.0,corr N281,corridor,3
N282,1321.0,1012.0,corr N282,corridor,3
N283,1321.0,1062.0,corr N283,corridor,3
N284,1321.0,1112.0,corr N284,corridor,3
N285,1322.0,1162.0,corr N285,corridor,3
N286,1322.0,1262.0,corr N286,corridor,3
N287,1322.0,1312.0,corr N287,corridor,3
N288,1322.0,1362.0,corr N288,corridor,3
N289,1323.0,1412.0,corr N289,corridor,3
N290,1323.0,1462.0,corr N290,corridor,3
N291,1523.0,1530.0,corr N291,corridor,3
N292,1423.0,1530.0,corr N292,corridor,3
N293,1473.0,1530.0,corr N293,corridor,3
N294,1526.0,1362.0,corr N294,corridor,3
N295,1524.0,1480.0,corr N295,corridor,3
N296,1525.0,1430.0,corr N296,corridor,3
N297,2179.0,702.0,corr N297,corridor,3
N298,2179.0,1193.0,corr N298,corridor,3
N299,2179.0,752.0,corr N299,corridor,3
N300,2179.0,802.0,corr N300,corridor,3
N301,2179.0,852.0,corr N301,corridor,3
N302,2179.0,902.0,corr N302,corridor,3
N303,2179.0,952.0,corr N303,corridor,3
N304,2179.0,1002.0,corr N304,corridor,3
N305,2179.0,1052.0,corr N305,corridor,3
N306,2179.0,1102.0,corr N306,corridor,3
N307,1323.0,1184.0,corr N307,corridor,3
N308,2129.0,1192.0,corr N308,corridor,3
N309,2079.0,1192.0,corr N309,corridor,3
N310,2029.0,1191.0,corr N310,corridor,3
N311,1979.0,1191.0,corr N311,corridor,3
N312,1929.0,1190.0,corr N312,corridor,3
N313,1879.0,1190.0,corr N313,corridor,3
N314,1829.0,1189.0,corr N314,corridor,3
N315,1779.0,1189.0,corr N315,corridor,3
N316,1729.0,1188.0,corr N316,corridor,3
N317,1679.0,1188.0,corr N317,corridor,3
N318,1629.0,1187.0,corr N318,corridor,3
N319,1579.0,1187.0,corr N319,corridor,3
N320,1529.0,1186.0,corr N320,corridor,3
N321,1479.0,1186.0,corr N321,corridor,3
N322,1429.0,1185.0,corr N322,corridor,3
N323,1379.0,1185.0,corr N323,corridor,3
N324,1323.0,1509.0,corr N324,corridor,3
N325,1163.0,1518.0,corr N325,corridor,3
N326,1223.0,1515.0,corr N326,corridor,3
N327,1166.0,1324.0,corr N327,corridor,3
N328,1222.0,1320.0,corr N328,corridor,3
N329,998.0,1696.0,corr N329,corridor,3
N330,1145.0,1370.0,corr N330,corridor,3
N331,1125.0,1415.0,corr N331,corridor,3
N332,1104.0,1461.0,corr N332,corridor,3
N333,1084.0,1506.0,corr N333,corridor,3
N334,1063.0,1552.0,corr N334,corridor,3
N335,1043.0,1597.0,corr N335,corridor,3
N336,1022.0,1643.0,corr N336,corridor,3
N337,1116.0,1055.0,corr N337,corridor,3
N338,1221.0,1059.0,corr N338,corridor,3
N339,1171.0,1057.0,corr N339,corridor,3
N340,1829.0,637.0,corr N340,corridor,3
N341,1829.0,1139.0,corr N341,corridor,3
N342,1829.0,1089.0,corr N342,corridor,3
N343,1829.0,1039.0,corr N343,corridor,3
N344,1829.0,989.0,corr N344,corridor,3
N345,1829.0,939.0,corr N345,corridor,3
N346,1829.0,889.0,corr N346,corridor,3
N347,1829.0,839.0,corr N347,corridor,3
N348,1829.0,789.0,corr N348,corridor,3
N349,1829.0,689.0,corr N349,corridor,3
N350,1879.0,793.0,corr N350,corridor,3
N351,1873.0,1012.0,corr N351,corridor,3
N352,1878.0,843.0,corr N352,corridor,3
N353,1876.0,893.0,corr N353,corridor,3
N354,1875.0,943.0,corr N354,corridor,3
N355,1779.0,791.0,corr N355,corridor,3
N356,1729.0,793.0,corr N356,corridor,3
N357,1623.0,727.0,corr N357,corridor,3
N358,1613.0,924.0,corr N358,corridor,3
N359,1627.0,845.0,corr N359,corridor,3
N360,2229.0,1191.0,corr N360,corridor,3
N361,2279.0,1189.0,corr N361,corridor,3
N362,2329.0,1187.0,corr N362,corridor,3
