id,x,y,name,type,floor
N064,2373.0,1161.0,ห้องปฏิบัติการทางสิ่งแวดล้อม,room,4
N065,2307.0,1068.0,ห้องAnimal Lab,room,4
N066,2307.0,993.0,ห้องเก็บสารเคมี,room,4
N067,2323.0,911.0,ห้องปฏิบัติการกลาง 2409,room,4
N068,2373.0,818.0,ห้องปฏิบัติการPollen 2408,room,4
N069,2382.0,680.0,ห้องปฏิบัติการPollen 2407,room,4
N070,1998.0,946.0,ห้องปฏิบัติการเทคโนโลยีชีวภาพ 2405,room,4
N071,2073.0,1055.0,ห้องเตรียมปฏิบัติการ 2405,room,4
N072,2004.0,730.0,ห้องปฏิบัติการสัตววิทยา 2406,room,4
N073,1751.0,793.0,ห้องปฏิบัติการชีววิทยา 2404,room,4
N074,1701.0,1074.0,ห้องพักอาจารย์ 2404,room,4
N075,1497.0,968.0,ห้องสัมนา 2402,room,4
N076,1497.0,730.0,ห้อง Posthavest 2403,room,4
N077,1444.0,605.0,ห้องเตรียมปฏิบัติการ 2403,room,4
N078,2063.0,602.0,ห้องอณูชีววิทยา 2406,room,4
N079,1929.0,1255.0,ห้องน้ำหญิง,room,4
N080,1579.0,1258.0,ห้องน้ำชาย,room,4
N081,1441.0,1261.0,ลิฟท์ ชั้น4,elevator,4
N082,1197.0,1055.0,ห้องสำนักงาน 2401,room,4
N083,1060.0,1505.0,โซนเตรียมอาหาร,room,4
N084,1210.0,1496.0,ห้องถ่ายเนื้อเยื้อ,room,4
N085,1166.0,1324.0,ห้องสำนักงานเพาะเลี้ยงเนื้อเยื้อ,room,4
N086,1035.0,1380.0,ห้องเตรียมปฏิบัติการ,room,4
N087,1038.0,1652.0,ห้องเก็บของ,room,4
N088,1204.0,1733.0,ห้องเก็บของ,room,4
N089,1510.0,1336.0,ห้องปฏิบัติการสิ่งแวดล้อมและจุลชีววิทยา,room,4
N090,1460.0,1471.0,ห้องประชุมสาขาวิชา,room,4
N091,1444.0,1521.0,ห้องคอมพิวเตอร์,room,4
N092,1588.0,1505.0,ห้องบรรยาย ป.โท,room,4
N093,1488.0,1661.0,Room N093,room,4
N094,1648.0,1686.0,ห้องเตรียมปฏิบัติการ,room,4
N095,2066.0,1255.0,บันไดกลาง,stair,4
N096,2191.0,618.0,บันไดขวา,stair,4
N097,1322.0,686.0,บันไดซ้าย,stair,4
N098,2241.0,1161.0,Door N098,door,4
N099,2235.0,908.0,Door N099,door,4
N100,2382.0,964.0,Door N100,door,4
N101,2435.0,964.0,Door N101,door,4
N102,2432.0,930.0,Door N102,door,4
N103,2382.0,1043.0,Door N103,door,4
N104,2429.0,1043.0,Door N104,door,4
N105,2148.0,868.0,Door N105,door,4
N106,2148.0,799.0,Door N106,door,4
N107,2129.0,1024.0,Door N107,door,4
N108,1866.0,858.0,Door N108,door,4
N109,1863.0,811.0,Door N109,door,4
N110,1635.0,814.0,Door N110,door,4
N111,1632.0,855.0,Door N111,door,4
N112,1776.0,1036.0,Door N112,door,4
N113,1823.0,1021.0,Door N113,door,4
N114,1813.0,1114.0,Door N114,door,4
N115,1363.0,1077.0,Door N115,door,4
N116,1372.0,871.0,Door N116,door,4
N117,1372.0,799.0,Door N117,door,4
N118,1322.0,1211.0,Door N118,door,4
N119,1116.0,1114.0,Door N119,door,4
N120,1272.0,1161.0,Door N120,door,4
N121,1129.0,1293.0,Door N121,door,4
N122,1072.0,1418.0,Door N122,door,4
N123,1141.0,1424.0,Door N123,door,4
N124,1135.0,1380.0,Door N124,door,4
N125,1082.0,1611.0,Door N125,door,4
N126,1129.0,1718.0,Door N126,door,4
N127,1144.0,1568.0,Door N127,door,4
N128,1147.0,1633.0,Door N128,door,4
N129,1201.0,1671.0,ห้องเลี้ยงต้นไม้,room,4
N130,2019.0,1218.0,Door N130,door,4
N131,1985.0,1214.0,Door N131,door,4
N132,1526.0,1218.0,Door N132,door,4
N133,1441.0,1214.0,Door N133,door,4
N134,2132.0,649.0,Door N134,door,4
N135,1376.0,649.0,Door N135,door,4
N136,1366.0,1577.0,Door N136,door,4
N137,1372.0,1468.0,Door N137,door,4
N138,1391.0,1452.0,Door N138,door,4
N139,1388.0,1486.0,Door N139,door,4
N140,1369.0,1324.0,Door N140,door,4
N141,1626.0,1618.0,Door N141,door,4
N142,2235.0,818.0,Door N142,door,4
N143,2232.0,736.0,Door N143,door,4
N363,1313.0,746.0,corr N363,corridor,4
N364,1313.0,1577.0,corr N364,corridor,4
N365,1313.0,796.0,corr N365,corridor,4
N366,1313.0,846.0,corr N366,corridor,4
N367,1313.0,896.0,corr N367,corridor,4
N368,1313.0,946.0,corr N368,corridor,4
N369,1313.0,996.0,corr N369,corridor,4
N370,1313.0,1046.0,corr N370,corridor,4
N371,1313.0,1096.0,corr N371,corridor,4
N372,1313.0,1146.0,corr N372,corridor,4
N373,1313.0,1196.0,corr N373,corridor,4
N374,1313.0,1246.0,corr N374,corridor,4
N375,1313.0,1296.0,corr N375,corridor,4
N376,1313.0,1346.0,corr N376,corridor,4
N377,1313.0,1396.0,corr N377,corridor,4
N378,1313.0,1446.0,corr N378,corridor,4
N379,1313.0,1496.0,corr N379,corridor,4
N380,1629.0,1577.0,corr N380,corridor,4
N381,1413.0,1577.0,corr N381,corridor,4
N382,1463.0,1577.0,corr N382,corridor,4
N383,1513.0,1577.0,corr N383,corridor,4
N384,1563.0,1577.0,corr N384,corridor,4
N385,1579.0,1474.0,corr N385,corridor,4
N386,1422.0,1469.0,corr N386,corridor,4
N387,1522.0,1472.0,corr N387,corridor,4
N388,2188.0,1180.0,corr N388,corridor,4
N389,1363.0,1195.0,corr N389,corridor,4
N390,1413.0,1194.0,corr N390,corridor,4
N391,1463.0,1193.0,corr N391,corridor,4
N392,1513.0,1192.0,corr N392,corridor,4
N393,1563.0,1191.0,corr N393,corridor,4
N394,1613.0,1191.0,corr N394,corridor,4
N395,1663.0,1190.0,corr N395,corridor,4
N396,1713.0,1189.0,corr N396,corridor,4
N397,1763.0,1188.0,corr N397,corridor,4
N398,1813.0,1187.0,corr N398,corridor,4
N399,1863.0,1186.0,corr N399,corridor,4
N400,1913.0,1185.0,corr N400,corridor,4
N401,1963.0,1184.0,corr N401,corridor,4
N402,2013.0,1183.0,corr N402,corridor,4
N403,2063.0,1182.0,corr N403,corridor,4
N404,2113.0,1181.0,corr N404,corridor,4
N405,2188.0,677.0,corr N405,corridor,4
N406,2188.0,1130.0,corr N406,corridor,4
N407,2188.0,1080.0,corr N407,corridor,4
N408,2188.0,1030.0,corr N408,corridor,4
N409,2188.0,980.0,corr N409,corridor,4
N410,2188.0,930.0,corr N410,corridor,4
N411,2188.0,880.0,corr N411,corridor,4
N412,2188.0,830.0,corr N412,corridor,4
N413,2188.0,780.0,corr N413,corridor,4
N414,2188.0,730.0,corr N414,corridor,4
N415,1813.0,802.0,corr N415,corridor,4
N416,1813.0,1137.0,corr N416,corridor,4
N417,1813.0,1087.0,corr N417,corridor,4
N418,1813.0,1037.0,corr N418,corridor,4
N419,1813.0,987.0,corr N419,corridor,4
N420,1813.0,937.0,corr N420,corridor,4
N421,1813.0,887.0,corr N421,corridor,4
N422,1616.0,809.0,corr N422,corridor,4
N423,1938.0,812.0,corr N423,corridor,4
N424,1666.0,809.0,corr N424,corridor,4
N425,1716.0,810.0,corr N425,corridor,4
N426,1766.0,810.0,corr N426,corridor,4
N427,1616.0,859.0,corr N427,corridor,4
N428,1898.0,862.0,corr N428,corridor,4
N429,1666.0,860.0,corr N429,corridor,4
N430,1716.0,860.0,corr N430,corridor,4
N431,1766.0,861.0,corr N431,corridor,4
N432,1816.0,861.0,corr N432,corridor,4
N433,2120.0,1005.0,corr N433,corridor,4
N434,1940.0,889.0,corr N434,corridor,4
N435,1982.0,916.0,corr N435,corridor,4
N436,2024.0,943.0,corr N436,corridor,4
N437,2066.0,970.0,corr N437,corridor,4
N438,2129.0,674.0,corr N438,corridor,4
N439,1979.0,783.0,corr N439,corridor,4
N440,2019.0,753.0,corr N440,corridor,4
N441,2060.0,724.0,corr N441,corridor,4
N442,1379.0,665.0,corr N442,corridor,4
N443,1573.0,783.0,corr N443,corridor,4
N444,1531.0,757.0,corr N444,corridor,4
N445,1445.0,705.0,corr N445,corridor,4
N446,1313.0,1159.0,corr N446,corridor,4
N447,1116.0,1159.0,corr N447,corridor,4
N448,1213.0,1159.0,corr N448,corridor,4
N449,1101.0,1715.0,corr N449,corridor,4
N450,1115.0,1209.0,corr N450,corridor,4
N451,1113.0,1259.0,corr N451,corridor,4
N452,1112.0,1309.0,corr N452,corridor,4
N453,1111.0,1359.0,corr N453,corridor,4
N454,1109.0,1409.0,corr N454,corridor,4
N455,1108.0,1459.0,corr N455,corridor,4
N456,1107.0,1509.0,corr N456,corridor,4
N457,1105.0,1559.0,corr N457,corridor,4
N458,1104.0,1609.0,corr N458,corridor,4
N459,1103.0,1659.0,corr N459,corridor,4
N460,1148.0,1387.0,corr N460,corridor,4
N461,1148.0,1437.0,corr N461,corridor,4
N462,1148.0,1487.0,corr N462,corridor,4
N463,1147.0,1537.0,corr N463,corridor,4
